{
    "CG": [
        0,
        0,
        0
    ],
    "weight": 50.0,
    "reference": {},
    "controls": {
        "aileron": {
            "is_symmetric": false
        },
        "elevator": {
            "is_symmetric": true
        }
    },
    "airfoils": {
        "NACA_0015": {
            "type": "linear",
            "geometry": {
                "NACA": "0015"
            },
            "aL0": 0.0,
            "CLa": 6.4336,
            "CmL0": 0.0,
            "Cma": 0.0,
            "CD0": 0.00513,
            "CD1": 0.0,
            "CD2": 0.0984,
            "CL_max": 1.4
        }
    },
    "wings": {
        "main_wing": {
            "ID": 1,
            "side": "left",
            "is_main": true,
            "semispan": 3,
            "sweep": [
                [
                    0.0,
                    0.0
                ],
                [
                    0.02,
                    0.0060006001200296755
                ],
                [
                    0.04,
                    0.02400960768768945
                ],
                [
                    0.06,
                    0.05404868767732718
                ],
                [
                    0.08,
                    0.09615409349493009
                ],
                [
                    0.1,
                    0.15037688680140104
                ],
                [
                    0.12,
                    0.2167832496219435
                ],
                [
                    0.14,
                    0.2954548932322465
                ],
                [
                    0.16,
                    0.3864895697926396
                ],
                [
                    0.18,
                    0.4900016943409502
                ],
                [
                    0.2,
                    0.6061230866018641
                ],
                [
                    0.22,
                    0.7350038441827245
                ],
                [
                    0.24,
                    0.8768133611721673
                ],
                [
                    0.26,
                    1.0317415090240523
                ],
                [
                    0.28,
                    1.200000000000001
                ],
                [
                    0.3,
                    1.3818239574916302
                ],
                [
                    0.32,
                    1.5774737224151747
                ],
                [
                    0.34,
                    1.787236930779006
                ],
                [
                    0.36,
                    2.0114309047425563
                ],
                [
                    0.38,
                    2.250405408366772
                ],
                [
                    0.4,
                    2.50454583026496
                ],
                [
                    0.42,
                    2.7742768691077746
                ],
                [
                    0.44,
                    3.060066815227623
                ],
                [
                    0.46,
                    3.362432543492263
                ],
                [
                    0.48,
                    3.681945360646429
                ],
                [
                    0.5,
                    4.019237886466842
                ],
                [
                    0.52,
                    4.375012195124851
                ],
                [
                    0.54,
                    4.750049504999026
                ],
                [
                    0.56,
                    5.145221787350428
                ],
                [
                    0.58,
                    5.561505774700438
                ],
                [
                    0.6,
                    5.999999999999998
                ],
                [
                    0.62,
                    6.461945704880364
                ],
                [
                    0.64,
                    6.948752745241743
                ],
                [
                    0.66,
                    7.46203203480846
                ],
                [
                    0.68,
                    8.003636664211971
                ],
                [
                    0.7,
                    8.57571471437145
                ],
                [
                    0.72,
                    9.180778112523033
                ],
                [
                    0.74,
                    9.821793935039715
                ],
                [
                    0.76,
                    10.502307828873693
                ],
                [
                    0.78,
                    11.226614583405583
                ],
                [
                    0.8,
                    12.000000000000004
                ],
                [
                    0.82,
                    12.829094374494975
                ],
                [
                    0.84,
                    13.722408040499353
                ],
                [
                    0.86,
                    14.691179013392311
                ],
                [
                    0.88,
                    15.7507894955545
                ],
                [
                    0.9,
                    16.923303169377984
                ],
                [
                    0.92,
                    18.242449234640745
                ],
                [
                    0.94,
                    19.76476673446081
                ],
                [
                    0.96,
                    21.599999999999998
                ],
                [
                    0.98,
                    24.030075377360276
                ],
                [
                    1.0,
                    30.0
                ]
            ],