{
    "CG": [
        0,
        0,
        0
    ],
    "weight": 50.0,
    "reference": {},
    "controls": {
        "aileron": {
            "is_symmetric": false
        },
        "elevator": {
            "is_symmetric": true
        }
    },
    "airfoils": {
        "NACA_0010": {
            "type": "linear",
            "aL0": 0.0,
            "CLa": 6.4336,
            "CmL0": 0.0,
            "Cma": 0.0,
            "CD0": 0.00513,
            "CD1": 0.0,
            "CD2": 0.0984,
            "CL_max": 1.4
        }
    },
    "wings": {
        "main_wing": {
            "ID": 1,
            "side": "both",
            "is_main": true,
            "semispan": 3,
            "sweep": [
                [
                    0.0,
                    0.0
                ],
                [
                    0.02,
                    0.004000400080019784
                ],
                [
                    0.04,
                    0.0160064051251263
                ],
                [
                    0.06,
                    0.03603245845155145
                ],
                [
                    0.08,
                    0.06410272899662006
                ],
                [
                    0.1,
                    0.1002512578676007
                ],
                [
                    0.12,
                    0.144522166414629
                ],
                [
                    0.14,
                    0.19696992882149766
                ],
                [
                    0.16,
                    0.25765971319509307
                ],
                [
                    0.18,
                    0.32666779622730013
                ],
                [
                    0.2,
                    0.40408205773457606
                ],
                [
                    0.22,
                    0.490002562788483
                ],
                [
                    0.24,
                    0.5845422407814449
                ],
                [
                    0.26,
                    0.6878276726827015
                ],
                [
                    0.28,
                    0.8000000000000007
                ],
                [
                    0.3,
                    0.9212159716610868
                ],
                [
                    0.32,
                    1.0516491482767831
                ],
                [
                    0.34,
                    1.191491287186004
                ],
                [
                    0.36,
                    1.3409539364950374
                ],
                [
                    0.38,
                    1.500270272244515
                ],
                [
                    0.4,
                    1.6696972201766402
                ],
                [
                    0.42,
                    1.8495179127385164
                ],
                [
                    0.44,
                    2.0400445434850822
                ],
                [
                    0.46,
                    2.2416216956615087
                ],
                [
                    0.48,
                    2.454630240430953
                ],
                [
                    0.5,
                    2.679491924311228
                ],
                [
                    0.52,
                    2.9166747967499007
                ],
                [
                    0.54,
                    3.166699669999351
                ],
                [
                    0.56,
                    3.4301478582336187
                ],
                [
                    0.58,
                    3.7076705164669588
                ],
                [
                    0.6,
                    3.999999999999999
                ],
                [
                    0.62,
                    4.3079638032535765
                ],
                [
                    0.64,
                    4.6325018301611625
                ],
                [
                    0.66,
                    4.9746880232056405
                ],
                [
                    0.68,
                    5.335757776141314
                ],
                [
                    0.7,
                    5.717143142914301
                ],
                [
                    0.72,
                    6.120518741682021
                ],
                [
                    0.74,
                    6.54786262335981
                ],
                [
                    0.76,
                    7.0015385525824625
                ],
                [
                    0.78,
                    7.484409722270389
                ],
                [
                    0.8,
                    8.000000000000004
                ],
                [
                    0.82,
                    8.55272958299665
                ],
                [
                    0.84,
                    9.14827202699957
                ],
                [
                    0.86,
                    9.79411934226154
                ],
                [
                    0.88,
                    10.500526330369667
                ],
                [
                    0.9,
                    11.282202112918656
                ],
                [
                    0.92,
                    12.16163282309383
                ],
                [
                    0.94,
                    13.176511156307207
                ],
                [
                    0.96,
                    14.399999999999999
                ],
                [
                    0.98,
                    16.020050251573515
                ]
            ],
            "dihedral": 0.0,